,Unnamed: 0,Unnamed: 0.1,Unnamed: 0.1.1,Unnamed: 0.1.1.1,Unnamed: 0.1.1.1.1,time,cloudCover,sunriseTime,sunsetTime,temperatureHigh,temperatureLow,temperatureMin,temperatureMax,visibility
0,-182.0,-182.0,-182.0,-182.0,-182.0,-15722659.726027396,0.4332602739726027,6152.906849315071,-10007.627397260274,-20.954684931506847,-13.517041095890407,-14.774219178082195,-19.934602739726024,-4.286219178082192
1,-181.0,-181.0,-181.0,-181.0,-181.0,-15636259.726027396,-0.14673972602739724,6141.906849315071,-9941.627397260274,-14.734684931506848,-11.367041095890407,-11.24421917808219,-14.924602739726026,0.20378082191780855
2,-180.0,-180.0,-180.0,-180.0,-180.0,-15549859.726027396,0.1732602739726027,6127.906849315071,-9873.627397260274,-13.944684931506849,-4.127041095890413,-10.794219178082187,-13.084602739726028,0.603780821917808
3,-179.0,-179.0,-179.0,-179.0,-179.0,-15463459.726027396,-0.09673972602739724,6109.906849315071,-9802.627397260274,-13.54468493150685,-13.617041095890407,-7.1542191780821875,-12.354602739726026,0.3937808219178081
4,-178.0,-178.0,-178.0,-178.0,-178.0,-15377059.726027396,-0.25673972602739725,6088.906849315071,-9728.627397260274,-19.204684931506847,-24.067041095890414,-19.8942191780822,-18.284602739726022,0.603780821917808
5,-177.0,-177.0,-177.0,-177.0,-177.0,-15290659.726027396,0.2332602739726028,6064.906849315071,-9652.627397260274,-26.134684931506854,-17.827041095890404,-23.86421917808219,-26.324602739726032,0.603780821917808
6,-176.0,-176.0,-176.0,-176.0,-176.0,-15204259.726027396,0.2632602739726028,6036.906849315071,-9573.627397260274,-20.54468493150685,-10.607041095890409,-17.164219178082188,-18.87460273972603,-3.3762191780821915
7,-175.0,-175.0,-175.0,-175.0,-175.0,-15117859.726027396,0.1632602739726027,6005.906849315071,-9492.627397260274,-14.444684931506849,-8.107041095890409,-8.784219178082193,-14.634602739726029,-0.34621917808219216
8,-174.0,-174.0,-174.0,-174.0,-174.0,-15031459.726027396,0.3932602739726028,5971.906849315071,-9409.627397260274,-14.96468493150685,-8.167041095890413,-7.534219178082192,-14.584602739726028,-3.136219178082192
9,-173.0,-173.0,-173.0,-173.0,-173.0,-14945059.726027396,0.09326027397260277,5933.906849315071,-9323.627397260274,-13.354684931506851,-5.407041095890409,-7.6542191780821875,-13.544602739726033,0.34378082191780823
10,-172.0,-172.0,-172.0,-172.0,-172.0,-14858659.726027396,-0.0067397260273972396,5893.906849315071,-9236.627397260274,-8.574684931506853,-5.017041095890408,-4.484219178082196,-8.764602739726032,0.32378082191780866
11,-171.0,-171.0,-171.0,-171.0,-171.0,-14772259.726027396,0.023260273972602784,5849.906849315071,-9146.627397260274,-12.78468493150685,-15.037041095890407,-11.274219178082195,-12.974602739726029,0.34378082191780823
12,-170.0,-170.0,-170.0,-170.0,-170.0,-14685859.726027396,0.03326027397260268,5803.906849315071,-9054.627397260274,-16.61468493150685,-11.787041095890407,-14.464219178082187,-16.074602739726025,-0.40621917808219177
13,-169.0,-169.0,-169.0,-169.0,-169.0,-14599459.726027396,-0.13673972602739726,5753.906849315071,-8960.627397260274,-17.964684931506852,-16.117041095890414,-12.74421917808219,-16.894602739726025,0.4737808219178081
14,-168.0,-168.0,-168.0,-168.0,-168.0,-14513059.726027396,-0.2767397260273973,5700.906849315071,-8865.627397260274,-18.554684931506852,-15.947041095890414,-15.544219178082194,-18.74460273972603,0.603780821917808
15,-167.0,-167.0,-167.0,-167.0,-167.0,-14426659.726027396,-0.026739726027397256,5644.906849315071,-8768.627397260274,-21.584684931506853,-22.93704109589041,-20.544219178082194,-21.774602739726028,0.2837808219178086
16,-166.0,-166.0,-166.0,-166.0,-166.0,-14340259.726027396,0.20326027397260274,5586.906849315071,-8669.627397260274,-26.564684931506854,-24.497041095890413,-22.36421917808219,-26.75460273972603,-2.666219178082192
17,-165.0,-165.0,-165.0,-165.0,-165.0,-14253859.726027396,0.2332602739726028,5525.906849315071,-8569.627397260274,-28.554684931506852,-22.557041095890412,-23.9242191780822,-28.744602739726034,-4.206219178082192
18,-164.0,-164.0,-164.0,-164.0,-164.0,-14167459.726027396,0.043260273972602695,5461.906849315068,-8468.627397260274,-18.83468493150685,-22.00704109589041,-22.1242191780822,-19.024602739726028,-0.9062191780821918
19,-163.0,-163.0,-163.0,-163.0,-163.0,-14081059.726027396,0.20326027397260274,5394.906849315068,-8365.627397260274,-18.28468493150685,-15.64704109589041,-21.43421917808219,-18.47460273972603,0.603780821917808
20,-162.0,-162.0,-162.0,-162.0,-162.0,-13994659.726027396,-0.08673972602739724,5325.906849315068,-8261.627397260274,-17.58468493150685,-24.957041095890414,-17.464219178082196,-17.774602739726028,0.38378082191780827
21,-161.0,-161.0,-161.0,-161.0,-161.0,-13908259.726027396,0.1532602739726027,5253.906849315068,-8155.627397260273,-18.86468493150685,-19.217041095890405,-24.414219178082188,-19.054602739726032,-1.056219178082192
22,-160.0,-160.0,-160.0,-160.0,-160.0,-13821859.726027396,0.12326027397260278,5178.906849315068,-8049.627397260273,-20.40468493150685,-13.64704109589041,-18.6442191780822,-20.594602739726028,-4.426219178082191
23,-159.0,-159.0,-159.0,-159.0,-159.0,-13735459.726027396,0.11326027397260276,5101.906849315068,-7942.627397260273,-22.014684931506853,-16.947041095890413,-14.15421917808219,-21.754602739726025,-3.136219178082192
24,-158.0,-158.0,-158.0,-158.0,-158.0,-13649059.726027396,0.3232602739726027,5022.906849315068,-7833.627397260273,-24.91468493150685,-22.387041095890414,-19.6042191780822,-24.59460273972603,-2.846219178082192
25,-157.0,-157.0,-157.0,-157.0,-157.0,-13562659.726027396,0.09326027397260277,4940.906849315068,-7724.627397260273,-24.954684931506854,-22.087041095890413,-21.9442191780822,-25.144602739726025,0.23378082191780802
26,-156.0,-156.0,-156.0,-156.0,-156.0,-13476259.726027396,0.20326027397260274,4856.906849315068,-7614.627397260273,-17.964684931506852,-10.14704109589041,-21.5142191780822,-18.15460273972603,0.603780821917808
27,-155.0,-155.0,-155.0,-155.0,-155.0,-13389859.726027396,0.10326027397260276,4770.906849315068,-7504.627397260273,-9.90468493150685,-8.517041095890407,-9.574219178082194,-10.094602739726028,0.603780821917808
28,-154.0,-154.0,-154.0,-154.0,-154.0,-13303459.726027396,0.09326027397260277,4681.906849315068,-7392.627397260273,-15.07468493150685,-8.857041095890409,-8.364219178082191,-15.264602739726028,0.4137808219178085
29,-153.0,-153.0,-153.0,-153.0,-153.0,-13217059.726027396,0.3032602739726027,4590.906849315068,-7281.627397260273,-14.14468493150685,-9.697041095890414,-9.274219178082193,-14.334602739726028,-0.8362191780821915
30,-152.0,-152.0,-152.0,-152.0,-152.0,-13130659.726027396,0.3832602739726028,4498.906849315068,-7168.627397260273,-17.00468493150685,-14.177041095890413,-9.394219178082194,-17.19460273972603,0.5437808219178084
31,-151.0,-151.0,-151.0,-151.0,-151.0,-13044259.726027396,0.3232602739726027,4403.906849315068,-7056.627397260273,-16.174684931506846,-7.5470410958904095,-13.604219178082195,-16.364602739726028,-0.8662191780821917
32,-150.0,-150.0,-150.0,-150.0,-150.0,-12957859.726027396,0.09326027397260277,4306.906849315068,-6943.627397260273,-4.2346849315068456,-1.1570410958904087,-5.304219178082196,-4.4246027397260255,-0.9162191780821916
33,-149.0,-149.0,-149.0,-149.0,-149.0,-12871459.726027396,0.043260273972602695,4207.906849315068,-6829.627397260273,-5.974684931506847,-8.657041095890408,-3.694219178082189,-6.1646027397260275,0.603780821917808
34,-148.0,-148.0,-148.0,-148.0,-148.0,-12785059.726027396,0.07326027397260274,4107.906849315068,-6716.627397260273,-13.164684931506848,-9.14704109589041,-8.724219178082189,-13.354602739726026,0.06378082191780798
35,-147.0,-147.0,-147.0,-147.0,-147.0,-12698659.726027396,0.1932602739726028,4004.9068493150685,-6602.627397260273,-15.15468493150685,-10.347041095890416,-8.974219178082189,-15.344602739726028,-2.336219178082192
36,-146.0,-146.0,-146.0,-146.0,-146.0,-12612259.726027396,0.2232602739726028,3900.9068493150685,-6488.627397260273,-15.014684931506851,-11.32704109589041,-9.774219178082193,-15.20460273972603,-0.8362191780821915
37,-145.0,-145.0,-145.0,-145.0,-145.0,-12525859.726027396,0.21326027397260275,3794.9068493150685,-6374.627397260273,-20.43468493150685,-15.82704109589041,-13.774219178082195,-18.134602739726027,-2.796219178082192
38,-144.0,-144.0,-144.0,-144.0,-144.0,-12439459.726027396,0.40326027397260267,3686.9068493150685,-6259.627397260273,-25.404684931506853,-18.607041095890416,-16.53421917808219,-24.414602739726032,-2.926219178082192
39,-143.0,-143.0,-143.0,-143.0,-143.0,-12353059.726027396,0.3632602739726027,3577.9068493150667,-6145.627397260273,-27.634684931506854,-22.147041095890412,-18.61421917808219,-27.354602739726023,-1.7362191780821918
40,-142.0,-142.0,-142.0,-142.0,-142.0,-12266659.726027396,0.1932602739726028,3466.9068493150667,-6031.627397260273,-28.364684931506854,-19.167041095890404,-21.57421917808219,-28.484602739726032,-2.566219178082192
41,-141.0,-141.0,-141.0,-141.0,-141.0,-12180259.726027396,0.3732602739726028,3353.9068493150667,-5917.627397260273,-24.544684931506854,-18.087041095890413,-18.59421917808219,-24.734602739726032,-3.676219178082192
42,-140.0,-140.0,-140.0,-140.0,-140.0,-12093859.726027396,0.2232602739726028,3239.9068493150667,-5803.627397260273,-21.78468493150685,-18.157041095890413,-17.51421917808219,-21.974602739726034,-2.606219178082192
43,-139.0,-139.0,-139.0,-139.0,-139.0,-12007459.726027396,0.18326027397260272,3124.9068493150667,-5689.627397260273,-15.664684931506848,-15.887041095890412,-17.58421917808219,-15.854602739726026,-1.3162191780821921
44,-138.0,-138.0,-138.0,-138.0,-138.0,-11921059.726027396,0.18326027397260272,3007.9068493150667,-5575.627397260273,-10.26468493150685,-12.68704109589041,-15.31421917808219,-10.454602739726027,0.3937808219178081
45,-137.0,-137.0,-137.0,-137.0,-137.0,-11834659.726027396,0.1532602739726027,2888.9068493150667,-5461.627397260273,-2.51468493150685,-6.397041095890409,-12.114219178082195,-2.7046027397260266,0.4937808219178086
46,-136.0,-136.0,-136.0,-136.0,-136.0,-11748259.726027396,0.09326027397260277,2769.9068493150667,-5348.627397260273,-9.934684931506851,-5.167041095890413,-5.824219178082192,-10.12460273972603,-0.5762191780821917
47,-135.0,-135.0,-135.0,-135.0,-135.0,-11661859.726027396,0.18326027397260272,2648.9068493150676,-5235.627397260273,-11.174684931506846,-9.487041095890412,-4.364219178082189,-11.364602739726026,-0.10621917808219195
48,-134.0,-134.0,-134.0,-134.0,-134.0,-11575459.726027396,0.3032602739726027,2526.9068493150676,-5122.627397260273,-10.394684931506852,-8.00704109589041,-8.914219178082195,-10.58460273972603,-3.936219178082192
49,-133.0,-133.0,-133.0,-133.0,-133.0,-11489059.726027396,0.06326027397260273,2402.9068493150676,-5009.627397260273,-8.984684931506846,-3.967041095890411,-7.434219178082192,-9.174602739726023,-1.1762191780821911
50,-132.0,-132.0,-132.0,-132.0,-132.0,-11402659.726027396,0.2432602739726028,2278.9068493150676,-4897.627397260273,-8.26468493150685,-2.057041095890414,-2.4542191780821936,-7.794602739726031,-1.306219178082192
51,-131.0,-131.0,-131.0,-131.0,-131.0,-11316259.726027396,-0.056739726027397276,2152.9068493150676,-4785.627397260273,-6.964684931506852,-0.037041095890411005,-1.4842191780821945,-7.154602739726031,0.38378082191780827
52,-130.0,-130.0,-130.0,-130.0,-130.0,-11229859.726027396,0.0032602739726027706,2025.9068493150676,-4673.627397260273,-8.554684931506847,-3.1370410958904125,-1.5142191780821883,-8.564602739726027,-0.20621917808219156
53,-129.0,-129.0,-129.0,-129.0,-129.0,-11143459.726027396,0.2632602739726028,1898.9068493150676,-4561.627397260273,-8.234684931506846,-9.427041095890413,-7.224219178082187,-8.424602739726026,-0.1462191780821919
54,-128.0,-128.0,-128.0,-128.0,-128.0,-11057059.726027396,-0.3067397260273973,1769.9068493150667,-4450.627397260273,-11.944684931506849,-11.517041095890407,-10.804219178082194,-12.134602739726029,0.603780821917808
55,-127.0,-127.0,-127.0,-127.0,-127.0,-10970659.726027396,0.1732602739726027,1639.9068493150667,-4339.627397260273,-10.65468493150685,-3.3970410958904105,-10.944219178082195,-10.814602739726029,0.603780821917808
56,-126.0,-126.0,-126.0,-126.0,-126.0,-10884259.726027396,0.2832602739726027,1509.9068493150667,-4229.627397260273,-7.714684931506852,1.012958904109586,-2.8242191780821915,-7.6746027397260255,0.09378082191780825
57,-125.0,-125.0,-125.0,-125.0,-125.0,-10797859.726027396,0.11326027397260276,1377.9068493150667,-4119.627397260273,-8.274684931506847,-10.61704109589041,-4.61421917808219,-7.584602739726031,0.4737808219178081
58,-124.0,-124.0,-124.0,-124.0,-124.0,-10711459.726027396,-0.06673972602739728,1245.9068493150664,-4009.6273972602753,-15.194684931506849,-8.817041095890412,-10.044219178082187,-15.384602739726029,0.313780821917808
59,-123.0,-123.0,-123.0,-123.0,-123.0,-10625059.726027396,0.10326027397260276,1112.906849315067,-3899.6273972602753,-10.884684931506849,-7.587041095890408,-8.244219178082194,-11.074602739726023,0.3637808219178087
60,-122.0,-122.0,-122.0,-122.0,-122.0,-10538659.726027396,0.09326027397260277,978.9068493150669,-3790.6273972602753,-11.634684931506849,-11.447041095890414,-7.014219178082186,-11.824602739726028,0.05378082191780826
61,-121.0,-121.0,-121.0,-121.0,-121.0,-10452259.726027396,0.1632602739726027,843.9068493150669,-3681.6273972602753,-11.234684931506848,-2.5070410958904104,-10.874219178082194,-10.95460273972603,0.603780821917808
62,-120.0,-120.0,-120.0,-120.0,-120.0,-10365859.726027396,0.1332602739726028,708.9068493150669,-3573.627397260274,-3.0846849315068483,-4.017041095890408,-2.274219178082194,-3.2746027397260282,0.603780821917808
63,-119.0,-119.0,-119.0,-119.0,-119.0,-10279459.726027396,-0.0067397260273972396,572.9068493150668,-3465.627397260274,-7.084684931506849,-9.197041095890414,-5.504219178082192,-7.274602739726026,0.523780821917808
64,-118.0,-118.0,-118.0,-118.0,-118.0,-10193059.726027396,-0.036739726027397265,435.90684931506695,-3357.627397260274,-8.844684931506848,-5.36704109589041,-8.624219178082196,-9.034602739726024,0.05378082191780826
65,-117.0,-117.0,-117.0,-117.0,-117.0,-10106659.726027396,0.2232602739726028,298.90684931506695,-3250.627397260274,-10.024684931506847,-8.03704109589041,-5.044219178082186,-10.214602739726026,-0.20621917808219156
66,-116.0,-116.0,-116.0,-116.0,-116.0,-10020259.726027396,0.1532602739726027,160.9068493150671,-3142.627397260274,-8.594684931506848,-7.867041095890409,-7.464219178082192,-8.784602739726026,-0.5962191780821922
67,-115.0,-115.0,-115.0,-115.0,-115.0,-9933859.726027396,0.1532602739726027,22.906849315067056,-3035.627397260274,-4.744684931506844,-12.087041095890408,-7.294219178082187,-4.9346027397260235,-1.1762191780821911
68,-114.0,-114.0,-114.0,-114.0,-114.0,-9847459.726027396,0.023260273972602784,-116.09315068493295,-2929.627397260274,-5.754684931506852,-8.697041095890414,-11.514219178082195,-5.944602739726029,0.5137808219178082
69,-113.0,-113.0,-113.0,-113.0,-113.0,-9761059.726027396,0.14326027397260274,-255.0931506849329,-2823.627397260274,-3.54468493150685,-7.027041095890413,-8.124219178082196,-3.7346027397260286,0.603780821917808
70,-112.0,-112.0,-112.0,-112.0,-112.0,-9674659.726027396,0.1332602739726028,-395.09315068493316,-2716.627397260274,0.5853150684931525,-11.07704109589041,-6.454219178082192,0.39539726027397476,0.603780821917808
71,-111.0,-111.0,-111.0,-111.0,-111.0,-9588259.726027396,-0.08673972602739724,-535.0931506849329,-2611.627397260274,-4.404684931506847,-6.067041095890413,-10.504219178082193,-4.594602739726027,0.4837808219178079
72,-110.0,-110.0,-110.0,-110.0,-110.0,-9501859.726027396,0.09326027397260277,-675.0931506849332,-2505.627397260274,-3.094684931506848,-2.2670410958904084,-5.494219178082192,-3.2846027397260262,-0.05621917808219206
73,-109.0,-109.0,-109.0,-109.0,-109.0,-9415459.726027396,0.07326027397260274,-815.0931506849331,-2400.627397260274,-1.1746849315068455,-7.7970410958904095,-4.774219178082191,-1.3646027397260239,0.603780821917808
74,-108.0,-108.0,-108.0,-108.0,-108.0,-9329059.726027396,0.07326027397260274,-956.0931506849331,-2295.627397260274,3.335315068493152,-3.0070410958904104,-7.224219178082187,3.1453972602739735,0.5437808219178084
75,-107.0,-107.0,-107.0,-107.0,-107.0,-9242659.726027396,-0.14673972602739724,-1097.093150684933,-2190.627397260274,-8.504684931506851,-2.9470410958904147,-2.4342191780821905,-8.694602739726031,0.34378082191780823
76,-106.0,-106.0,-106.0,-106.0,-106.0,-9156259.726027396,0.21326027397260275,-1239.0931506849336,-2085.627397260274,-7.294684931506849,-0.7870410958904108,-1.9942191780821918,-7.484602739726027,-0.7362191780821918
77,-105.0,-105.0,-105.0,-105.0,-105.0,-9069859.726027396,0.18326027397260272,-1380.0931506849333,-1980.6273972602744,-3.034684931506852,2.122958904109586,1.095780821917811,-3.2246027397260297,-0.02621917808219181
78,-104.0,-104.0,-104.0,-104.0,-104.0,-8983459.726027397,0.1932602739726028,-1521.0931506849333,-1876.6273972602744,-6.344684931506846,-3.4670410958904108,0.6757808219178092,-6.534602739726025,-0.2162191780821912
79,-103.0,-103.0,-103.0,-103.0,-103.0,-8897059.726027397,-0.20673972602739726,-1663.0931506849333,-1772.6273972602744,-9.364684931506847,-11.447041095890414,-5.424219178082192,-9.554602739726027,0.603780821917808
80,-102.0,-102.0,-102.0,-102.0,-102.0,-8810659.726027397,0.0032602739726027706,-1805.093150684933,-1668.6273972602744,-3.8346849315068483,-8.83704109589041,-10.874219178082194,-4.024602739726029,0.603780821917808
81,-101.0,-101.0,-101.0,-101.0,-101.0,-8724259.726027397,-0.07673972602739723,-1946.093150684933,-1564.6273972602744,-1.7446849315068458,-7.857041095890411,-8.264219178082188,-1.9346027397260237,0.603780821917808
82,-100.0,-100.0,-100.0,-100.0,-100.0,-8637859.726027397,-0.07673972602739723,-2088.0931506849333,-1460.6273972602744,-1.8946849315068515,-8.617041095890409,-7.284219178082192,-2.0846027397260296,0.5437808219178084
83,-99.0,-99.0,-99.0,-99.0,-99.0,-8551459.726027397,0.11326027397260276,-2230.0931506849333,-1356.6273972602742,-1.7646849315068491,-6.457041095890412,-8.044219178082189,-1.9546027397260266,0.603780821917808
84,-98.0,-98.0,-98.0,-98.0,-98.0,-8465059.726027397,-0.0067397260273972396,-2371.0931506849333,-1252.6273972602742,-4.79468493150685,-8.03704109589041,-5.8842191780821915,-4.984602739726029,0.603780821917808
85,-97.0,-97.0,-97.0,-97.0,-97.0,-8382259.726027394,0.11326027397260276,1091.906849315067,2445.3726027397265,6.375315068493154,-8.407041095890408,-7.464219178082192,6.185397260273974,0.4437808219178079
86,-96.0,-96.0,-96.0,-96.0,-96.0,-8295859.726027394,0.10326027397260276,950.9068493150669,2549.3726027397265,8.675315068493147,2.7629589041095857,-7.834219178082187,8.485397260273968,0.603780821917808
87,-95.0,-95.0,-95.0,-95.0,-95.0,-8209459.726027394,0.053260273972602704,809.9068493150669,2652.3726027397265,-1.04468493150685,4.722958904109587,3.3357808219178064,-1.234602739726028,0.603780821917808
88,-94.0,-94.0,-94.0,-94.0,-94.0,-8123059.726027394,0.0032602739726027706,668.9068493150668,2756.3726027397265,12.235315068493149,6.142958904109589,5.295780821917807,12.04539726027397,0.603780821917808
89,-93.0,-93.0,-93.0,-93.0,-93.0,-8036659.726027394,-0.016739726027397244,527.9068493150671,2860.3726027397265,11.565315068493149,-0.3570410958904113,6.625780821917803,11.37539726027397,0.603780821917808
90,-92.0,-92.0,-92.0,-92.0,-92.0,-7950259.726027394,0.0032602739726027706,387.90684931506695,2963.3726027397265,-1.9146849315068475,-2.627041095890414,0.21578082191780834,-2.1046027397260247,0.06378082191780798
91,-91.0,-91.0,-91.0,-91.0,-91.0,-7863859.726027394,-0.04673972602739728,247.90684931506703,3067.3726027397265,2.5253150684931502,-2.0070410958904104,-2.054219178082195,2.3353972602739725,-0.3162191780821919
92,-90.0,-90.0,-90.0,-90.0,-90.0,-7777459.726027394,0.3332602739726027,107.90684931506705,3170.3726027397265,-1.5746849315068512,-5.067041095890413,-1.4342191780821905,-1.7646027397260287,0.5737808219178087
93,-89.0,-89.0,-89.0,-89.0,-89.0,-7691059.726027394,-0.17673972602739724,-31.093150684932944,3274.3726027397265,2.455315068493149,-1.797041095890409,-4.494219178082191,2.2653972602739723,-0.05621917808219206
94,-88.0,-88.0,-88.0,-88.0,-88.0,-7604659.726027394,-0.06673972602739728,-170.0931506849329,3378.3726027397265,-4.144684931506851,-3.7970410958904086,-1.4842191780821945,-4.334602739726029,0.1737808219178084
95,-87.0,-87.0,-87.0,-87.0,-87.0,-7518259.726027394,0.06326027397260273,-309.09315068493294,3481.3726027397265,-6.014684931506848,-3.8370410958904086,-3.2642191780821883,-6.204602739726028,0.603780821917808
96,-86.0,-86.0,-86.0,-86.0,-86.0,-7431859.726027394,0.03326027397260268,-447.09315068493316,3585.3726027397265,-0.18468493150685059,-0.057041095890414124,-3.2642191780821883,-0.3746027397260285,0.603780821917808
97,-85.0,-85.0,-85.0,-85.0,-85.0,-7345459.726027394,0.08326027397260276,-584.0931506849332,3689.372602739727,0.6953150684931519,-5.807041095890414,-0.18421917808219024,0.5053972602739741,0.603780821917808
98,-84.0,-84.0,-84.0,-84.0,-84.0,-7259059.726027394,0.09326027397260277,-721.0931506849331,3793.372602739727,11.495315068493154,1.5329589041095897,-5.234219178082196,11.305397260273974,0.26378082191780816
99,-83.0,-83.0,-83.0,-83.0,-83.0,-7172659.726027396,-0.06673972602739728,-857.0931506849331,3896.372602739727,-3.7146849315068518,-5.107041095890411,-1.8742191780821955,0.6653972602739707,0.603780821917808
100,-82.0,-82.0,-82.0,-82.0,-82.0,-7086259.726027396,-0.16673972602739726,-993.0931506849331,4000.372602739727,-1.7046849315068464,0.5629589041095904,-4.53421917808219,-1.8946027397260246,0.603780821917808
101,-81.0,-81.0,-81.0,-81.0,-81.0,-6999859.726027396,0.11326027397260276,-1128.0931506849336,4104.372602739727,-5.684684931506852,-1.4770410958904088,1.13578082191781,-5.874602739726027,0.523780821917808
102,-80.0,-80.0,-80.0,-80.0,-80.0,-6913459.726027396,-0.12673972602739728,-1263.0931506849336,4209.372602739727,-4.244684931506845,-4.707041095890412,-2.464219178082192,-4.4346027397260235,0.603780821917808
103,-79.0,-79.0,-79.0,-79.0,-79.0,-6827059.726027396,-0.14673972602739724,-1396.0931506849333,4313.372602739727,-2.774684931506848,0.8629589041095875,-4.1342191780821915,-2.9646027397260246,0.603780821917808
104,-78.0,-78.0,-78.0,-78.0,-78.0,-6740659.726027396,-0.04673972602739728,-1529.0931506849333,4417.372602739727,-6.004684931506852,-3.1870410958904096,-0.914219178082194,-6.194602739726029,0.3937808219178081
105,-77.0,-77.0,-77.0,-77.0,-77.0,-6654259.726027396,-0.12673972602739728,-1661.0931506849333,4521.372602739727,-7.644684931506852,-6.32704109589041,-2.6142191780821897,-7.834602739726031,0.603780821917808
106,-76.0,-76.0,-76.0,-76.0,-76.0,-6567859.726027396,-0.13673972602739726,-1793.0931506849333,4625.372602739727,-7.384684931506846,-9.26704109589041,-5.754219178082192,-7.574602739726024,0.5737808219178087
107,-75.0,-75.0,-75.0,-75.0,-75.0,-6481459.726027396,-0.16673972602739726,-1923.093150684933,4730.372602739727,-6.0646849315068465,-13.567041095890412,-8.694219178082188,-6.254602739726024,0.5137808219178082
108,-74.0,-74.0,-74.0,-74.0,-74.0,-6395059.726027396,-0.11673972602739728,-2052.0931506849333,4834.372602739727,-9.924684931506846,-15.43704109589041,-12.99421917808219,-10.114602739726024,0.603780821917808
109,-73.0,-73.0,-73.0,-73.0,-73.0,-6308659.726027396,-0.04673972602739728,-2181.0931506849333,4938.372602739727,-4.354684931506852,0.6529589041095867,-14.864219178082195,-4.544602739726032,0.603780821917808
110,-72.0,-72.0,-72.0,-72.0,-72.0,-6222259.726027396,0.03326027397260268,-2309.0931506849333,5042.372602739727,-1.2646849315068491,-3.2270410958904088,1.2257808219178064,-1.4546027397260266,-0.17621917808219126
111,-71.0,-71.0,-71.0,-71.0,-71.0,-6135859.726027396,-0.06673972602739728,-2435.0931506849333,5147.372602739727,-6.634684931506846,-7.487041095890413,-4.514219178082189,-6.824602739726024,0.4537808219178086
112,-70.0,-70.0,-70.0,-70.0,-70.0,-6049459.726027396,-0.19673972602739725,-2561.0931506849333,5251.372602739727,-7.0246849315068465,-4.067041095890413,-6.914219178082192,-7.214602739726025,0.4137808219178085
113,-69.0,-69.0,-69.0,-69.0,-69.0,-5963059.726027396,0.08326027397260276,-2685.0931506849333,5355.372602739727,-4.384684931506846,-7.567041095890413,-3.4942191780821923,-4.574602739726028,0.603780821917808
114,-68.0,-68.0,-68.0,-68.0,-68.0,-5876659.726027396,-0.20673972602739726,-2809.0931506849333,5459.372602739727,-9.284684931506852,-12.587041095890408,-6.994219178082192,-9.474602739726027,0.4137808219178085
115,-67.0,-67.0,-67.0,-67.0,-67.0,-5790259.726027396,-0.21673972602739724,-2931.0931506849333,5563.372602739727,-7.924684931506846,-15.467041095890407,-12.014219178082195,-8.114602739726024,0.5937808219178082
116,-66.0,-66.0,-66.0,-66.0,-66.0,-5703859.726027396,-0.07673972602739723,-3052.0931506849333,5667.372602739727,-7.7746849315068465,-4.61704109589041,-14.89421917808219,-7.964602739726025,0.5937808219178082
117,-65.0,-65.0,-65.0,-65.0,-65.0,-5617459.726027396,-0.13673972602739726,-3172.0931506849333,5771.372602739727,-5.864684931506852,-8.83704109589041,-4.044219178082188,-6.054602739726027,0.5437808219178084
118,-64.0,-64.0,-64.0,-64.0,-64.0,-5531059.726027396,-0.2867397260273973,-3290.0931506849333,5874.372602739727,-2.4446849315068486,-5.7970410958904095,-8.264219178082188,-2.6346027397260263,0.603780821917808
119,-63.0,-63.0,-63.0,-63.0,-63.0,-5444659.726027396,0.07326027397260274,-3407.0931506849333,5977.372602739727,7.635315068493157,4.0029589041095885,-5.224219178082189,7.445397260273977,0.603780821917808
120,-62.0,-62.0,-62.0,-62.0,-62.0,-5358259.726027396,-0.04673972602739728,-3523.0931506849333,6081.372602739727,-1.6046849315068523,0.2829589041095893,3.9257808219178085,-0.8046027397260281,0.603780821917808
121,-61.0,-61.0,-61.0,-61.0,-61.0,-5271859.726027396,-0.10673972602739724,-3637.0931506849333,6183.372602739727,0.08531506849315254,-1.4070410958904087,0.8557808219178089,-0.10460273972602528,-0.3762191780821915
122,-60.0,-60.0,-60.0,-60.0,-60.0,-5185459.726027396,0.09326027397260277,-3750.0931506849333,6286.372602739727,0.27531506849315024,-0.3470410958904133,-0.8342191780821888,0.08539726027397243,0.3637808219178087
123,-59.0,-59.0,-59.0,-59.0,-59.0,-5099059.726027396,-0.08673972602739724,-3862.0931506849333,6388.372602739727,-3.04468493150685,-1.2470410958904121,0.2257808219178063,-3.2346027397260286,0.4737808219178081
124,-58.0,-58.0,-58.0,-58.0,-58.0,-5012659.726027396,0.3332602739726027,-3972.0931506849333,6489.372602739727,-5.124684931506845,-2.32704109589041,-0.7142191780821913,-5.314602739726027,0.603780821917808
125,-57.0,-57.0,-57.0,-57.0,-57.0,-4926259.726027396,-0.06673972602739728,-4080.0931506849333,6591.372602739727,6.425315068493149,1.8829589041095909,-1.7542191780821903,6.235397260273969,0.013780821917808219
126,-56.0,-56.0,-56.0,-56.0,-56.0,-4839859.726027396,0.07326027397260274,-4187.093150684932,6691.372602739727,1.6653150684931508,-0.7470410958904119,1.5657808219178095,1.4753972602739733,-0.17621917808219126
127,-55.0,-55.0,-55.0,-55.0,-55.0,-4753459.726027396,0.023260273972602784,-4292.093150684932,6791.372602739727,0.32531506849315456,-7.717041095890408,-1.584219178082189,0.1353972602739767,0.603780821917808
128,-54.0,-54.0,-54.0,-54.0,-54.0,-4667059.726027396,-0.06673972602739728,-4395.093150684932,6891.372602739727,-3.6446849315068524,-5.597041095890414,-7.144219178082192,-3.834602739726029,0.603780821917808
129,-53.0,-53.0,-53.0,-53.0,-53.0,-4580659.726027396,0.09326027397260277,-4497.093150684932,6990.372602739727,-0.0046849315068508745,-3.4670410958904108,-5.024219178082191,-0.1946027397260287,0.603780821917808
130,-52.0,-52.0,-52.0,-52.0,-52.0,-4494259.726027396,0.043260273972602695,-4597.093150684932,7088.372602739727,15.635315068493155,9.442958904109586,-2.8942191780821918,15.445397260273975,0.603780821917808
131,-51.0,-51.0,-51.0,-51.0,-51.0,-4407859.726027396,-0.06673972602739728,-4695.093150684932,7186.372602739727,10.375315068493153,7.57295890410959,9.975780821917807,10.185397260273973,-0.02621917808219181
132,-50.0,-50.0,-50.0,-50.0,-50.0,-4321459.726027396,-0.18673972602739727,-4791.093150684932,7282.372602739727,5.155315068493153,1.8829589041095909,6.625780821917803,4.9653972602739715,0.15378082191780792
133,-49.0,-49.0,-49.0,-49.0,-49.0,-4235059.726027396,-0.09673972602739724,-4885.093150684932,7378.372602739727,9.09531506849315,0.02295890410959127,2.45578082191781,8.905397260273972,-0.22621917808219197
134,-48.0,-48.0,-48.0,-48.0,-48.0,-4148659.7260273965,-0.026739726027397256,-4977.093150684932,7473.372602739727,11.795315068493151,13.832958904109585,0.5957808219178109,11.605397260273975,0.603780821917808
135,-47.0,-47.0,-47.0,-47.0,-47.0,-4062259.7260273965,0.0032602739726027706,-5067.093150684932,7567.372602739727,19.56531506849315,14.342958904109596,14.405780821917805,19.37539726027397,0.603780821917808
136,-46.0,-46.0,-46.0,-46.0,-46.0,-3975859.7260273965,0.013260273972602777,-5155.093150684932,7660.372602739727,26.095315068493147,8.67295890410959,14.91578082191781,25.90539726027397,0.603780821917808
137,-45.0,-45.0,-45.0,-45.0,-45.0,-3889459.7260273965,0.10326027397260276,-5240.093150684932,7752.372602739727,6.145315068493148,7.272958904109593,9.245780821917807,13.695397260273975,-0.09621917808219212
138,-44.0,-44.0,-44.0,-44.0,-44.0,-3803059.7260273965,0.013260273972602777,-5324.093150684932,7842.372602739727,-0.2746849315068469,1.2529589041095879,5.385780821917808,1.8453972602739706,0.2837808219178086
139,-43.0,-43.0,-43.0,-43.0,-43.0,-3716659.7260273965,-0.3067397260273973,-5405.093150684932,7931.372602739727,4.185315068493154,0.18295890410958784,1.825780821917808,3.9953972602739762,0.4437808219178079
140,-42.0,-42.0,-42.0,-42.0,-42.0,-3630259.7260273965,-0.09673972602739724,-5484.093150684932,8019.372602739727,9.465315068493156,3.7929589041095872,0.7557808219178075,9.275397260273976,0.603780821917808
141,-41.0,-41.0,-41.0,-41.0,-41.0,-3543859.7260273965,0.07326027397260274,-5561.093150684929,8106.372602739727,18.63531506849316,9.142958904109591,4.3657808219178085,18.445397260273968,0.603780821917808
142,-40.0,-40.0,-40.0,-40.0,-40.0,-3457459.7260273965,-0.026739726027397256,-5635.093150684929,8191.372602739727,8.425315068493147,5.162958904109592,9.715780821917807,8.235397260273968,0.603780821917808
143,-39.0,-39.0,-39.0,-39.0,-39.0,-3371059.7260273965,-0.14673972602739724,-5707.093150684929,8275.372602739726,11.645315068493149,3.862958904109588,5.735780821917814,11.455397260273967,0.5437808219178084
144,-38.0,-38.0,-38.0,-38.0,-38.0,-3284659.7260273965,-0.016739726027397244,-5776.093150684929,8356.372602739726,14.415315068493154,8.17295890410959,4.435780821917809,14.225397260273981,-0.15621917808219166
145,-37.0,-37.0,-37.0,-37.0,-37.0,-3198259.7260273965,0.053260273972602704,-5843.093150684929,8437.372602739726,21.985315068493147,15.002958904109589,8.745780821917808,21.795397260273973,0.603780821917808
146,-36.0,-36.0,-36.0,-36.0,-36.0,-3111859.7260273965,0.09326027397260277,-5907.093150684929,8515.372602739726,30.365315068493146,12.682958904109588,15.575780821917805,30.175397260273968,0.603780821917808
147,-35.0,-35.0,-35.0,-35.0,-35.0,-3025459.7260273965,0.09326027397260277,-5969.093150684929,8592.372602739726,17.34531506849315,12.872958904109586,13.25578082191781,17.155397260273972,0.603780821917808
148,-34.0,-34.0,-34.0,-34.0,-34.0,-2939059.7260273965,0.023260273972602784,-6028.093150684929,8667.372602739726,22.725315068493146,14.872958904109586,13.445780821917806,22.535397260273967,0.4137808219178085
149,-33.0,-33.0,-33.0,-33.0,-33.0,-2852659.7260273965,0.043260273972602695,-6084.093150684929,8739.372602739726,8.565315068493149,9.92295890410959,13.875780821917806,8.505397260273966,-0.2162191780821912
150,-32.0,-32.0,-32.0,-32.0,-32.0,-2766259.7260273956,-0.18673972602739727,-6137.093150684929,8810.372602739726,12.085315068493145,2.1129589041095875,10.495780821917807,11.895397260273967,0.603780821917808
151,-31.0,-31.0,-31.0,-31.0,-31.0,-2679859.7260273956,0.08326027397260276,-6188.093150684929,8879.372602739726,14.695315068493144,8.992958904109587,2.685780821917807,14.505397260273964,0.603780821917808
152,-30.0,-30.0,-30.0,-30.0,-30.0,-2593459.7260273956,0.023260273972602784,-6235.093150684929,8945.372602739726,19.98531506849315,15.512958904109588,9.565780821917807,19.795397260273973,0.603780821917808
153,-29.0,-29.0,-29.0,-29.0,-29.0,-2507059.7260273956,-0.12673972602739728,-6280.093150684929,9009.372602739726,13.92531506849315,9.252958904109589,12.535780821917813,13.735397260273972,0.4737808219178081
154,-28.0,-28.0,-28.0,-28.0,-28.0,-2420659.7260273956,-0.2767397260273973,-6322.093150684929,9071.372602739726,8.425315068493147,6.67295890410959,9.825780821917807,8.235397260273968,0.4937808219178086
155,-27.0,-27.0,-27.0,-27.0,-27.0,-2334259.7260273956,-0.14673972602739724,-6361.093150684929,9130.372602739726,12.53531506849315,11.67295890410959,7.245780821917808,12.345397260273971,0.603780821917808
156,-26.0,-26.0,-26.0,-26.0,-26.0,-2247859.7260273956,-0.06673972602739728,-6397.093150684929,9187.372602739726,2.9953150684931487,6.202958904109591,6.775780821917813,6.375397260273973,0.1737808219178084
157,-25.0,-25.0,-25.0,-25.0,-25.0,-2161459.7260273956,-0.08673972602739724,-6429.093150684929,9241.372602739726,4.815315068493152,6.272958904109593,7.475780821917808,4.625397260273973,0.523780821917808
158,-24.0,-24.0,-24.0,-24.0,-24.0,-2075059.7260273956,0.013260273972602777,-6459.093150684929,9293.372602739726,13.315315068493149,11.342958904109596,6.8457808219178125,13.12539726027397,0.33378082191780845
159,-23.0,-23.0,-23.0,-23.0,-23.0,-1988659.7260273956,-0.13673972602739726,-6486.093150684929,9342.372602739726,7.615315068493148,7.17295890410959,11.455780821917813,7.425397260273969,0.34378082191780823
160,-22.0,-22.0,-22.0,-22.0,-22.0,-1902259.7260273956,-0.17673972602739724,-6509.093150684929,9388.372602739726,17.225315068493146,10.512958904109588,7.745780821917808,17.035397260273967,0.603780821917808
161,-21.0,-21.0,-21.0,-21.0,-21.0,-1815859.7260273956,-0.0067397260273972396,-6530.093150684929,9432.372602739726,22.33531506849315,10.27295890410959,11.085780821917806,22.145397260273967,0.603780821917808
162,-20.0,-20.0,-20.0,-20.0,-20.0,-1729459.7260273956,-0.17673972602739724,-6547.093150684929,9472.372602739726,6.70531506849315,9.45295890410959,10.84578082191781,6.515397260273973,0.603780821917808
163,-19.0,-19.0,-19.0,-19.0,-19.0,-1643059.7260273956,-0.18673972602739727,-6561.093150684929,9510.372602739726,10.065315068493149,4.182958904109587,10.025780821917813,9.87539726027397,0.603780821917808
164,-18.0,-18.0,-18.0,-18.0,-18.0,-1556659.7260273956,-0.06673972602739728,-6572.093150684929,9545.372602739726,16.93531506849315,12.06295890410959,4.755780821917809,16.745397260273975,0.603780821917808
165,-17.0,-17.0,-17.0,-17.0,-17.0,-1470259.7260273956,-0.036739726027397265,-6579.093150684929,9576.372602739726,19.945315068493144,12.542958904109588,12.635780821917805,19.75539726027397,0.603780821917808
166,-16.0,-16.0,-16.0,-16.0,-16.0,-1383859.7260273958,-0.13673972602739726,-6584.093150684929,9605.372602739726,6.245315068493158,10.042958904109588,11.18578082191781,6.0553972602739785,0.603780821917808
167,-15.0,-15.0,-15.0,-15.0,-15.0,-1297459.7260273958,0.08326027397260276,-6585.093150684929,9631.372602739726,15.025315068493152,9.112958904109588,10.615780821917808,14.83539726027398,0.603780821917808
168,-14.0,-14.0,-14.0,-14.0,-14.0,-1211059.7260273958,-0.016739726027397244,-6583.093150684929,9653.372602739726,23.065315068493145,15.892958904109593,9.685780821917806,22.875397260273967,0.26378082191780816
169,-13.0,-13.0,-13.0,-13.0,-13.0,-1124659.7260273958,0.013260273972602777,-6578.093150684929,9673.372602739726,27.955315068493146,18.042958904109604,16.46578082191781,27.765397260273968,0.603780821917808
170,-12.0,-12.0,-12.0,-12.0,-12.0,-1038259.7260273957,0.07326027397260274,-6570.093150684929,9689.372602739726,19.93531506849316,9.392958904109591,17.475780821917812,19.74539726027397,0.603780821917808
171,-11.0,-11.0,-11.0,-11.0,-11.0,-951859.7260273957,0.11326027397260276,-6559.093150684929,9702.372602739726,23.18531506849316,21.842958904109587,9.965780821917807,22.99539726027397,0.603780821917808
172,-10.0,-10.0,-10.0,-10.0,-10.0,-865459.7260273958,0.11326027397260276,-6544.093150684929,9712.372602739726,24.535315068493148,14.252958904109589,16.365780821917806,24.345397260273966,0.18378082191780812
173,-9.0,-9.0,-9.0,-9.0,-9.0,-779059.7260273958,-0.036739726027397265,-6526.093150684929,9718.372602739726,11.805315068493144,14.24295890410959,14.825780821917805,11.615397260273964,0.603780821917808
174,-8.0,-8.0,-8.0,-8.0,-8.0,-692659.7260273958,0.1932602739726028,-6506.093150684929,9722.372602739726,8.525315068493157,14.972958904109587,14.455780821917813,8.335397260273979,0.13378082191780835
175,-7.0,-7.0,-7.0,-7.0,-7.0,-606259.7260273958,0.2232602739726028,-6482.093150684929,9722.372602739726,6.875315068493154,9.612958904109588,14.865780821917806,6.685397260273974,0.3037808219178082
176,-6.0,-6.0,-6.0,-6.0,-6.0,-519859.7260273959,-0.2267397260273973,-6455.093150684929,9719.372602739726,9.225315068493147,6.432958904109587,10.185780821917806,9.035397260273967,0.603780821917808
177,-5.0,-5.0,-5.0,-5.0,-5.0,-433459.7260273959,0.0032602739726027706,-6425.093150684929,9712.372602739726,14.445315068493144,13.722958904109587,7.005780821917808,14.255397260273964,0.603780821917808
178,-4.0,-4.0,-4.0,-4.0,-4.0,-347059.7260273961,0.2332602739726028,-6393.093150684929,9703.372602739726,12.78531506849315,11.252958904109589,14.295780821917806,12.595397260273971,-0.6962191780821918
179,-3.0,-3.0,-3.0,-3.0,-3.0,-260659.726027396,0.06326027397260273,-6357.093150684929,9690.372602739726,10.395315068493147,8.74295890410959,11.825780821917805,10.205397260273967,0.5437808219178084
180,-2.0,-2.0,-2.0,-2.0,-2.0,-174259.72602739595,-0.16673972602739726,-6319.093150684929,9674.372602739726,8.725315068493147,9.792958904109588,9.315780821917807,8.535397260273967,0.34378082191780823
181,-1.0,-1.0,-1.0,-1.0,-1.0,-87859.72602739595,0.043260273972602695,-6278.093150684929,9654.372602739726,9.075315068493154,10.642958904109591,10.365780821917808,8.885397260273976,0.13378082191780835
182,0.0,0.0,0.0,0.0,0.0,-1459.726027395954,-0.026739726027397256,-6234.093150684929,9632.372602739726,8.615315068493146,5.682958904109587,9.925780821917806,8.425397260273968,0.5437808219178084
183,1.0,1.0,1.0,1.0,1.0,84940.27397260405,-0.08673972602739724,-6187.093150684929,9606.372602739726,12.03531506849315,10.432958904109588,6.255780821917808,11.845397260273971,0.603780821917808
184,2.0,2.0,2.0,2.0,2.0,171340.27397260405,-0.15673972602739725,-6138.093150684929,9577.372602739726,13.995315068493154,10.03295890410959,11.00578082191781,13.805397260273974,0.603780821917808
185,3.0,3.0,3.0,3.0,3.0,257740.273972604,-0.17673972602739724,-6086.093150684929,9546.372602739726,17.275315068493153,9.862958904109588,10.605780821917806,17.085397260273982,0.603780821917808
186,4.0,4.0,4.0,4.0,4.0,344140.273972604,0.03326027397260268,-6032.093150684929,9510.372602739726,20.59531506849315,15.77295890410959,10.435780821917806,20.40539726027397,0.2837808219178086
187,5.0,5.0,5.0,5.0,5.0,430540.273972604,-0.08673972602739724,-5976.093150684929,9472.372602739726,17.905315068493152,15.132958904109593,16.34578082191781,17.715397260273978,-0.006219178082191353
188,6.0,6.0,6.0,6.0,6.0,516940.2739726041,-0.16673972602739726,-5916.093150684929,9431.372602739726,15.005315068493148,5.3029589041095875,13.775780821917813,14.815397260273967,0.26378082191780816
189,7.0,7.0,7.0,7.0,7.0,603340.2739726042,-0.07673972602739723,-5855.093150684929,9387.372602739726,15.525315068493152,13.31295890410959,5.875780821917803,15.33539726027398,0.603780821917808
190,8.0,8.0,8.0,8.0,8.0,689740.2739726042,-0.04673972602739728,-5792.093150684929,9340.372602739726,19.745315068493163,14.782958904109593,13.885780821917805,19.555397260273978,0.603780821917808
191,9.0,9.0,9.0,9.0,9.0,776140.2739726042,-0.17673972602739724,-5726.093150684929,9290.372602739726,11.515315068493152,11.212958904109593,14.50578082191781,11.325397260273974,0.5737808219178087
192,10.0,10.0,10.0,10.0,10.0,862540.2739726042,0.023260273972602784,-5658.093150684929,9237.372602739726,6.575315068493154,4.082958904109587,10.525780821917813,6.385397260273978,-0.5562191780821921
193,11.0,11.0,11.0,11.0,11.0,948940.2739726043,-0.2667397260273973,-5589.093150684929,9182.372602739726,9.165315068493156,4.892958904109589,4.655780821917804,8.97539726027398,0.603780821917808
194,12.0,12.0,12.0,12.0,12.0,1035340.2739726043,-0.10673972602739724,-5517.093150684929,9123.372602739726,6.595315068493153,7.392958904109589,5.465780821917808,6.405397260273974,0.603780821917808
195,13.0,13.0,13.0,13.0,13.0,1121740.2739726042,-0.2967397260273973,-5443.093150684932,9062.372602739726,12.755315068493148,13.56295890410959,7.965780821917808,12.565397260273967,0.603780821917808
196,14.0,14.0,14.0,14.0,14.0,1208140.2739726042,0.2232602739726028,-5368.093150684932,8998.372602739726,11.355315068493152,9.21295890410959,14.135780821917805,11.165397260273977,-0.5062191780821914
197,15.0,15.0,15.0,15.0,15.0,1294540.2739726042,-0.10673972602739724,-5291.093150684932,8932.372602739726,15.92531506849315,9.23295890410959,9.785780821917808,15.735397260273972,0.603780821917808
198,16.0,16.0,16.0,16.0,16.0,1380940.2739726042,0.11326027397260276,-5212.093150684932,8863.372602739726,19.245315068493163,16.06295890410959,9.80578082191781,19.055397260273978,0.7537808219178084
199,17.0,17.0,17.0,17.0,17.0,1467340.2739726044,-0.06673972602739728,-5132.093150684932,8791.372602739726,26.54531506849316,18.1829589041096,16.63578082191781,26.355397260273968,0.603780821917808
200,18.0,18.0,18.0,18.0,18.0,1553740.2739726044,-0.016739726027397244,-5051.093150684932,8717.372602739726,15.025315068493152,8.752958904109589,13.985780821917805,14.83539726027398,0.4137808219178085
201,19.0,19.0,19.0,19.0,19.0,1640140.2739726044,-0.15673972602739725,-4968.093150684932,8640.372602739726,15.735315068493149,14.10295890410959,9.325780821917807,15.54539726027397,0.603780821917808
202,20.0,20.0,20.0,20.0,20.0,1726540.2739726044,-0.056739726027397276,-4883.093150684932,8561.372602739726,18.725315068493146,10.502958904109589,14.67578082191781,18.53539726027397,0.35378082191780796
203,21.0,21.0,21.0,21.0,21.0,1812940.2739726047,-0.2267397260273973,-4797.093150684932,8480.372602739726,8.775315068493157,7.902958904109588,11.075780821917805,8.585397260273979,0.603780821917808
204,22.0,22.0,22.0,22.0,22.0,1899340.2739726047,-0.21673972602739724,-4710.093150684932,8397.372602739726,9.175315068493148,11.042958904109588,8.475780821917809,8.98539726027397,0.23378082191780802
205,23.0,23.0,23.0,23.0,23.0,1985740.2739726047,-0.08673972602739724,-4622.093150684932,8311.372602739726,9.085315068493145,11.85295890410959,11.615780821917806,8.895397260273967,0.4337808219178081
206,24.0,24.0,24.0,24.0,24.0,2072140.2739726047,-0.16673972602739726,-4533.093150684932,8223.372602739726,15.605315068493152,14.542958904109588,12.42578082191781,15.415397260273974,0.3937808219178081
207,25.0,25.0,25.0,25.0,25.0,2158540.2739726044,-0.15673972602739725,-4443.093150684932,8133.372602739727,11.005315068493148,12.56295890410959,15.115780821917806,10.815397260273967,0.2937808219178084
208,26.0,26.0,26.0,26.0,26.0,2244940.2739726044,-0.16673972602739726,-4352.093150684932,8041.372602739727,10.705315068493153,13.032958904109593,13.135780821917805,10.515397260273973,0.603780821917808
209,27.0,27.0,27.0,27.0,27.0,2331340.2739726044,0.023260273972602784,-4260.093150684932,7946.372602739727,13.045315068493151,14.932958904109588,13.60578082191781,12.855397260273975,-0.04621917808219139
210,28.0,28.0,28.0,28.0,28.0,2417740.2739726044,-0.12673972602739728,-4167.093150684932,7850.372602739727,11.525315068493152,10.99295890410959,14.68578082191781,11.33539726027398,0.4237808219178083
211,29.0,29.0,29.0,29.0,29.0,2504140.2739726044,-0.2467397260273973,-4074.0931506849333,7752.372602739727,14.225315068493144,10.13295890410959,11.565780821917805,14.035397260273967,0.603780821917808
212,30.0,30.0,30.0,30.0,30.0,2590540.2739726044,-0.17673972602739724,-3980.0931506849333,7652.372602739727,15.525315068493152,13.752958904109589,10.705780821917813,15.33539726027398,0.603780821917808
213,31.0,31.0,31.0,31.0,31.0,2676940.2739726044,-0.14673972602739724,-3885.0931506849333,7550.372602739727,14.225315068493144,13.10295890410959,13.67578082191781,14.035397260273967,0.603780821917808
214,32.0,32.0,32.0,32.0,32.0,2763340.2739726044,-0.12673972602739728,-3789.0931506849333,7447.372602739727,13.265315068493152,15.10295890410959,14.275780821917813,13.075397260273974,0.523780821917808
215,33.0,33.0,33.0,33.0,33.0,2849740.2739726044,-0.19673972602739725,-3693.0931506849333,7341.372602739727,12.395315068493149,11.482958904109593,15.67578082191781,12.205397260273967,0.603780821917808
216,34.0,34.0,34.0,34.0,34.0,2936140.2739726044,-0.25673972602739725,-3596.0931506849333,7234.372602739727,10.625315068493153,6.492958904109591,10.16578082191781,10.435397260273973,0.603780821917808
217,35.0,35.0,35.0,35.0,35.0,3022540.2739726044,-0.25673972602739725,-3499.0931506849333,7126.372602739727,12.365315068493144,6.352958904109591,7.065780821917808,12.175397260273964,0.603780821917808
218,36.0,36.0,36.0,36.0,36.0,3108940.2739726044,-0.07673972602739723,-3402.0931506849333,7015.372602739727,13.635315068493155,11.722958904109587,6.925780821917808,13.445397260273975,0.603780821917808
219,37.0,37.0,37.0,37.0,37.0,3195340.2739726044,-0.056739726027397276,-3304.0931506849333,6904.372602739727,9.465315068493156,10.322958904109587,11.545780821917806,9.275397260273976,0.23378082191780802
220,38.0,38.0,38.0,38.0,38.0,3281740.2739726044,-0.18673972602739727,-3206.0931506849333,6790.372602739727,11.815315068493149,6.872958904109588,10.895780821917805,11.62539726027397,0.08378082191780849
221,39.0,39.0,39.0,39.0,39.0,3368140.2739726044,-0.14673972602739724,-3108.0931506849333,6675.372602739727,10.195315068493144,9.63295890410959,7.445780821917803,10.005397260273966,0.5737808219178087
222,40.0,40.0,40.0,40.0,40.0,3454540.2739726044,-0.13673972602739726,-3009.0931506849333,6559.372602739727,11.09531506849315,12.74295890410959,10.205780821917813,10.905397260273972,0.9137808219178084
223,41.0,41.0,41.0,41.0,41.0,3540940.2739726044,0.043260273972602695,-2910.0931506849333,6442.372602739727,11.20531506849315,8.012958904109588,13.155780821917805,11.015397260273971,-0.07621917808219164
224,42.0,42.0,42.0,42.0,42.0,3627340.2739726035,-0.2867397260273973,-2811.0931506849333,6323.372602739727,11.495315068493154,8.24295890410959,8.585780821917805,11.305397260273974,0.603780821917808
225,43.0,43.0,43.0,43.0,43.0,3713740.2739726035,0.023260273972602784,-2712.0931506849333,6202.372602739727,18.39531506849315,13.49295890410959,8.815780821917809,18.20539726027397,0.603780821917808
226,44.0,44.0,44.0,44.0,44.0,3800140.2739726035,-0.056739726027397276,-2612.0931506849333,6081.372602739727,12.575315068493154,8.17295890410959,14.065780821917805,12.385397260273974,0.4937808219178086
227,45.0,45.0,45.0,45.0,45.0,3886540.2739726035,-0.06673972602739728,-2513.0931506849333,5958.372602739727,15.255315068493148,12.212958904109593,8.745780821917808,15.065397260273967,-1.3662191780821915
228,46.0,46.0,46.0,46.0,46.0,3972940.2739726035,-0.0067397260273972396,-2413.0931506849333,5834.372602739727,9.795315068493153,12.782958904109593,12.785780821917813,10.025397260273976,0.23378082191780802
229,47.0,47.0,47.0,47.0,47.0,4059340.2739726035,-0.25673972602739725,-2314.0931506849333,5709.372602739727,10.935315068493152,7.57295890410959,10.365780821917808,10.745397260273977,0.853780821917808
230,48.0,48.0,48.0,48.0,48.0,4145740.2739726035,-0.17673972602739724,-2214.0931506849333,5583.372602739727,8.245315068493156,8.812958904109587,8.145780821917809,8.055397260273978,0.5437808219178084
231,49.0,49.0,49.0,49.0,49.0,4232140.273972604,-0.3067397260273973,-2115.0931506849333,5456.372602739727,8.275315068493157,6.742958904109591,9.385780821917807,8.085397260273979,1.1537808219178078
232,50.0,50.0,50.0,50.0,50.0,4318540.273972604,-0.2767397260273973,-2015.093150684933,5327.372602739727,12.42531506849315,10.512958904109588,7.315780821917808,12.235397260273972,0.9037808219178078
233,51.0,51.0,51.0,51.0,51.0,4404940.273972604,-0.036739726027397265,-1915.093150684933,5198.372602739727,15.525315068493152,9.562958904109587,11.085780821917806,15.33539726027398,0.8437808219178082
234,52.0,52.0,52.0,52.0,52.0,4491340.273972604,0.07326027397260274,-1816.093150684933,5068.372602739727,20.43531506849316,15.60295890410959,10.135780821917807,20.24539726027397,0.7537808219178084
235,53.0,53.0,53.0,53.0,53.0,4577740.273972604,-0.16673972602739726,-1716.0931506849333,4937.372602739727,12.655315068493152,9.052958904109586,14.315780821917805,12.465397260273974,0.4437808219178079
236,54.0,54.0,54.0,54.0,54.0,4664140.273972604,-0.2767397260273973,-1617.0931506849333,4805.372602739727,15.165315068493154,9.152958904109584,9.625780821917804,14.975397260273981,0.603780821917808
237,55.0,55.0,55.0,55.0,55.0,4750540.273972604,-0.056739726027397276,-1517.0931506849333,4672.372602739727,17.875315068493148,8.432958904109588,9.725780821917807,17.685397260273973,0.4937808219178086
238,56.0,56.0,56.0,56.0,56.0,4836940.273972604,0.0032602739726027706,-1418.0931506849333,4538.372602739727,17.825315068493158,9.392958904109591,9.005780821917806,17.635397260273976,0.15378082191780792
239,57.0,57.0,57.0,57.0,57.0,4923340.273972604,0.0032602739726027706,-1318.0931506849336,4404.372602739727,19.91531506849316,12.432958904109588,9.965780821917807,19.72539726027398,0.4237808219178083
240,58.0,58.0,58.0,58.0,58.0,5009740.273972604,0.03326027397260268,-1219.0931506849336,4268.372602739727,23.68531506849316,16.262958904109592,13.00578082191781,23.49539726027397,-0.12621917808219144
241,59.0,59.0,59.0,59.0,59.0,5096140.273972604,0.0032602739726027706,-1120.093150684933,4133.372602739727,9.115315068493146,7.722958904109587,9.835780821917805,8.925397260273966,-0.8262191780821917
242,60.0,60.0,60.0,60.0,60.0,5182540.273972604,-0.06673972602739728,-1021.0931506849331,3996.372602739727,8.385315068493156,3.212958904109589,8.145780821917809,8.195397260273978,0.34378082191780823
243,61.0,61.0,61.0,61.0,61.0,5268940.273972604,-0.13673972602739726,-922.0931506849331,3859.372602739727,8.355315068493155,2.962958904109589,3.785780821917808,8.165397260273977,0.5737808219178087
244,62.0,62.0,62.0,62.0,62.0,5355340.273972604,-0.20673972602739726,-823.0931506849331,3721.372602739727,8.695315068493143,1.0629589041095904,3.5357808219178084,8.505397260273966,0.603780821917808
245,63.0,63.0,63.0,63.0,63.0,5441740.273972604,-0.2967397260273973,-724.0931506849331,3583.3726027397265,10.885315068493156,6.412958904109592,1.63578082191781,10.695397260273976,0.603780821917808
246,64.0,64.0,64.0,64.0,64.0,5528140.273972604,0.07326027397260274,-626.0931506849332,3444.3726027397265,13.305315068493144,14.10295890410959,6.985780821917814,13.115397260273964,0.5737808219178087
247,65.0,65.0,65.0,65.0,65.0,5614540.273972604,0.12326027397260278,-527.0931506849329,3304.3726027397265,12.075315068493154,11.732958904109593,14.67578082191781,11.885397260273974,-0.3362191780821915
248,66.0,66.0,66.0,66.0,66.0,5700940.273972604,-0.036739726027397265,-428.09315068493316,3164.3726027397265,5.625315068493154,10.392958904109591,11.775780821917813,6.635397260273978,0.313780821917808
249,67.0,67.0,67.0,67.0,67.0,5787340.273972604,-0.21673972602739724,-330.09315068493294,3024.3726027397265,7.715315068493156,10.582958904109583,10.965780821917805,7.525397260273976,0.5737808219178087
250,68.0,68.0,68.0,68.0,68.0,5873740.273972604,0.12326027397260278,-231.0931506849329,2883.3726027397265,2.8553150684931485,7.622958904109588,8.495780821917808,2.6653972602739704,-0.4862191780821918
251,69.0,69.0,69.0,69.0,69.0,5960140.273972604,-0.2767397260273973,-133.09315068493297,2742.3726027397265,5.4353150684931535,3.7829589041095897,6.625780821917803,5.2453972602739745,0.4737808219178081
252,70.0,70.0,70.0,70.0,70.0,6046540.273972604,-0.19673972602739725,-34.093150684932944,2600.3726027397265,5.825315068493154,7.722958904109587,4.35578082191781,5.635397260273978,0.5737808219178087
253,71.0,71.0,71.0,71.0,71.0,6132940.273972604,-0.0067397260273972396,63.90684931506708,2459.3726027397265,3.6753150684931493,6.912958904109592,7.485780821917814,3.4853972602739707,-0.09621917808219212
254,72.0,72.0,72.0,72.0,72.0,6219340.273972604,-0.15673972602739725,162.9068493150671,2317.3726027397265,4.915315068493151,5.872958904109588,7.995780821917808,4.725397260273971,0.4737808219178081
255,73.0,73.0,73.0,73.0,73.0,6305740.273972604,-0.06673972602739728,260.906849315067,2174.372602739726,4.735315068493153,5.17295890410959,6.445780821917804,4.5453972602739725,0.3637808219178087
256,74.0,74.0,74.0,74.0,74.0,6392140.273972604,-0.15673972602739725,358.90684931506695,2032.3726027397265,-0.5246849315068469,2.192958904109586,5.745780821917808,-0.714602739726025,0.18378082191780812
257,75.0,75.0,75.0,75.0,75.0,6478540.273972604,-0.21673972602739724,457.90684931506695,1889.3726027397265,2.755315068493154,3.1429589041095887,2.7657808219178057,2.5653972602739765,0.4337808219178081
258,76.0,76.0,76.0,76.0,76.0,6564940.273972604,-0.14673972602739724,555.9068493150671,1746.3726027397256,-1.6846849315068502,-1.4670410958904103,3.715780821917809,-1.8746027397260279,0.4937808219178086
259,77.0,77.0,77.0,77.0,77.0,6651340.273972604,-0.13673972602739726,654.9068493150668,1603.3726027397256,3.175315068493149,2.6429589041095887,-0.8942191780821911,2.9853972602739707,-0.0362191780821916
260,78.0,78.0,78.0,78.0,78.0,6737740.273972604,-0.3367397260273973,752.9068493150669,1460.3726027397256,3.195315068493152,1.0529589041095857,3.215780821917809,3.0053972602739734,0.5437808219178084
261,79.0,79.0,79.0,79.0,79.0,6824140.273972604,-0.15673972602739725,851.9068493150669,1317.3726027397258,5.2653150684931544,3.7529589041095877,1.6257808219178052,5.075397260273975,-0.7862191780821917
262,80.0,80.0,80.0,80.0,80.0,6910540.273972604,-0.18673972602739727,950.9068493150669,1174.3726027397258,6.145315068493148,4.592958904109592,4.325780821917808,5.955397260273969,0.8737808219178085
263,81.0,81.0,81.0,81.0,81.0,6996940.273972604,-0.016739726027397244,1049.906849315067,1031.372602739726,8.005315068493147,3.0629589041095904,5.165780821917814,7.815397260273968,0.9137808219178084
264,82.0,82.0,82.0,82.0,82.0,7083340.273972604,-0.036739726027397265,1148.9068493150664,888.3726027397261,4.615315068493153,-2.7970410958904095,3.6357808219178085,4.425397260273972,0.4137808219178085
265,83.0,83.0,83.0,83.0,83.0,7169740.273972604,-0.09673972602739724,1247.9068493150664,745.3726027397261,6.805315068493143,-0.3670410958904093,-2.224219178082189,6.615397260273968,0.4137808219178085
266,84.0,84.0,84.0,84.0,84.0,7256140.273972604,-0.036739726027397265,1346.9068493150664,602.3726027397261,9.025315068493157,5.57295890410959,0.20578082191781027,8.835397260273979,-0.6762191780821913
267,85.0,85.0,85.0,85.0,85.0,7342540.273972604,0.03326027397260268,1446.9068493150667,459.372602739726,6.495315068493158,6.842958904109593,6.145780821917808,6.3053972602739785,-0.5762191780821917
268,86.0,86.0,86.0,86.0,86.0,7428940.273972604,0.023260273972602784,1546.9068493150667,317.372602739726,3.975315068493154,3.7929589041095872,7.085780821917808,3.7853972602739763,-1.966219178082192
269,87.0,87.0,87.0,87.0,87.0,7515340.273972604,0.023260273972602784,1646.9068493150667,174.37260273972603,9.615315068493146,9.45295890410959,4.3657808219178085,9.425397260273966,-2.036219178082192
270,88.0,88.0,88.0,88.0,88.0,7601740.273972604,-0.026739726027397256,1746.9068493150667,32.372602739726034,8.555315068493144,9.42295890410959,9.935780821917806,8.365397260273966,-0.5562191780821921
271,89.0,89.0,89.0,89.0,89.0,7688140.273972604,-0.016739726027397244,1846.9068493150676,-109.627397260274,13.915315068493154,9.092958904109592,9.995780821917807,13.725397260273981,-2.196219178082192
272,90.0,90.0,90.0,90.0,90.0,7774540.273972604,-0.25673972602739725,1947.9068493150676,-250.62739726027402,3.0353150684931482,3.182958904109588,3.9557808219178097,2.8453972602739706,0.603780821917808
273,91.0,91.0,91.0,91.0,91.0,7860940.273972604,0.1632602739726027,2048.9068493150676,-391.627397260274,4.825315068493153,10.66295890410959,3.755780821917808,4.635397260273976,0.603780821917808
274,92.0,92.0,92.0,92.0,92.0,7947340.273972604,0.03326027397260268,2149.9068493150676,-532.6273972602739,5.085315068493155,6.842958904109593,11.235780821917805,4.895397260273973,0.35378082191780796
275,93.0,93.0,93.0,93.0,93.0,8033740.273972604,-0.19673972602739725,2250.9068493150676,-672.6273972602739,2.385315068493149,6.5129589041095866,7.415780821917813,2.1953972602739715,0.603780821917808
276,94.0,94.0,94.0,94.0,94.0,8120140.273972604,-0.15673972602739725,2352.9068493150676,-812.6273972602739,1.0753150684931545,6.342958904109593,7.085780821917808,0.8853972602739767,0.603780821917808
277,95.0,95.0,95.0,95.0,95.0,8206540.273972604,0.0032602739726027706,2454.9068493150676,-951.627397260274,1.5653150684931498,3.1129589041095875,5.895780821917808,1.3753972602739721,-0.856219178082192
278,96.0,96.0,96.0,96.0,96.0,8292940.273972604,-0.2367397260273973,2556.9068493150676,-1090.627397260274,0.33531506849315257,4.402958904109587,3.685780821917808,0.14539726027397468,0.3937808219178081
279,97.0,97.0,97.0,97.0,97.0,8379340.273972604,0.07326027397260274,2659.9068493150676,-1229.6273972602742,0.23531506849315112,5.742958904109591,4.975780821917809,0.04539726027397328,-0.436219178082192
280,98.0,98.0,98.0,98.0,98.0,8465740.273972603,-0.0067397260273972396,2762.9068493150667,-1366.6273972602742,0.5253150684931502,3.982958904109591,5.005780821917809,0.33539726027397243,0.4137808219178085
281,99.0,99.0,99.0,99.0,99.0,8552140.273972603,0.10326027397260276,2865.9068493150667,-1503.6273972602744,-0.8246849315068512,6.192958904109586,4.555780821917813,-1.0146027397260287,0.10378082191780805
282,100.0,100.0,100.0,100.0,100.0,8638540.273972603,0.1332602739726028,2969.9068493150667,-1640.6273972602744,2.3953150684931486,10.442958904109586,6.765780821917804,2.205397260273969,-0.3062191780821921
283,101.0,101.0,101.0,101.0,101.0,8724940.273972603,0.1732602739726027,3073.9068493150667,-1776.6273972602744,2.3953150684931486,7.132958904109591,10.675780821917806,2.205397260273969,0.523780821917808
284,102.0,102.0,102.0,102.0,102.0,8811340.273972603,-0.21673972602739724,3178.9068493150667,-1911.6273972602744,2.0853150684931525,4.982958904109592,7.005780821917808,1.8953972602739746,0.4437808219178079
285,103.0,103.0,103.0,103.0,103.0,8897740.273972603,0.013260273972602777,3283.9068493150667,-2045.6273972602744,6.265315068493154,10.122958904109586,5.555780821917814,6.075397260273975,0.2537808219178084
286,104.0,104.0,104.0,104.0,104.0,8984140.273972603,-0.04673972602739728,3388.9068493150667,-2178.627397260274,7.845315068493153,5.282958904109591,9.05578082191781,7.655397260273974,0.3937808219178081
287,105.0,105.0,105.0,105.0,105.0,9070540.273972604,0.1532602739726027,3493.9068493150667,-2311.627397260274,13.92531506849315,10.372958904109586,5.855780821917808,13.735397260273972,-1.1462191780821922
288,106.0,106.0,106.0,106.0,106.0,9156940.273972604,0.1332602739726028,3599.9068493150667,-2442.627397260274,17.17531506849315,8.322958904109589,10.945780821917806,16.98539726027397,0.603780821917808
289,107.0,107.0,107.0,107.0,107.0,9243340.273972604,-0.12673972602739728,3706.9068493150685,-2573.627397260274,2.0253150684931502,2.4829589041095916,4.205780821917812,6.655397260273974,0.603780821917808
290,108.0,108.0,108.0,108.0,108.0,9329740.273972604,0.03326027397260268,3812.9068493150685,-2703.627397260274,6.095315068493153,5.82295890410959,3.05578082191781,5.905397260273974,0.15378082191780792
291,109.0,109.0,109.0,109.0,109.0,9416140.273972604,0.053260273972602704,3919.9068493150685,-2832.627397260274,10.085315068493145,11.182958904109588,6.395780821917808,9.895397260273967,-1.1462191780821922
292,110.0,110.0,110.0,110.0,110.0,9502540.273972604,0.0032602739726027706,4027.9068493150685,-2960.627397260274,2.135315068493149,4.5529589041095875,7.815780821917808,4.9653972602739715,-0.08621917808219146
293,111.0,111.0,111.0,111.0,111.0,9588940.273972604,-0.08673972602739724,4134.906849315068,-3086.627397260274,4.5153150684931544,2.1529589041095867,5.125780821917805,4.325397260273975,0.523780821917808
294,112.0,112.0,112.0,112.0,112.0,9675340.273972604,0.12326027397260278,4242.906849315068,-3212.627397260274,-3.4646849315068513,3.0429589041095872,2.725780821917806,-3.654602739726029,-0.02621917808219181
295,113.0,113.0,113.0,113.0,113.0,9761740.273972604,0.043260273972602695,4351.906849315068,-3336.627397260274,0.6753150684931488,5.5029589041095885,5.055780821917813,0.48539726027397095,0.08378082191780849
296,114.0,114.0,114.0,114.0,114.0,9848140.273972604,0.2232602739726028,4460.906849315068,-3459.627397260274,3.6753150684931493,10.902958904109584,7.905780821917804,3.4853972602739707,-1.856219178082192
297,115.0,115.0,115.0,115.0,115.0,9934540.273972604,0.013260273972602777,4568.906849315068,-3581.627397260274,3.615315068493154,3.9029589041095867,4.475780821917809,3.4253972602739755,0.603780821917808
298,116.0,116.0,116.0,116.0,116.0,10020940.273972604,-0.09673972602739724,4678.906849315068,-3702.6273972602753,3.375315068493152,4.042958904109588,4.88578082191781,3.1853972602739735,-1.4862191780821918
299,117.0,117.0,117.0,117.0,117.0,10107340.273972604,-0.21673972602739724,4787.906849315068,-3822.6273972602753,-0.37468493150684823,3.4429589041095854,4.17578082191781,-0.5646027397260261,0.4437808219178079
300,118.0,118.0,118.0,118.0,118.0,10193740.273972604,0.1532602739726027,4897.906849315068,-3940.6273972602753,-0.24468493150684578,3.49295890410959,4.015780821917807,1.1953972602739718,0.603780821917808
301,119.0,119.0,119.0,119.0,119.0,10280140.273972604,-0.09673972602739724,5007.906849315068,-4056.6273972602753,-4.924684931506847,-3.68704109589041,-0.4442191780821883,1.245397260273976,0.603780821917808
302,120.0,120.0,120.0,120.0,120.0,10370140.273972604,-0.14673972602739724,1522.9068493150667,-7776.627397260273,-5.174684931506847,-1.0070410958904101,-3.11421917808219,-5.364602739726024,0.603780821917808
303,121.0,121.0,121.0,121.0,121.0,10456540.273972604,-0.0067397260273972396,1632.9068493150667,-7890.627397260273,-3.7846849315068525,3.9029589041095867,-0.0742191780821908,-3.974602739726032,0.5737808219178087
304,122.0,122.0,122.0,122.0,122.0,10542940.273972604,0.013260273972602777,1742.9068493150667,-8002.627397260273,-1.0946849315068472,-0.8570410958904113,4.475780821917809,-1.2846027397260247,0.2837808219178086
305,123.0,123.0,123.0,123.0,123.0,10629340.273972604,-0.17673972602739724,1852.9068493150676,-8112.627397260273,-0.3246849315068512,-2.2870410958904115,-0.2842191780821917,-0.514602739726029,0.603780821917808
306,124.0,124.0,124.0,124.0,124.0,10715740.273972604,-0.13673972602739726,1963.9068493150676,-8221.627397260274,-2.304684931506848,-0.1770410958904116,-1.7142191780821914,-2.4946027397260258,-0.02621917808219181
307,125.0,125.0,125.0,125.0,125.0,10802140.273972604,0.18326027397260272,2073.9068493150676,-8328.627397260274,-2.314684931506845,-1.7870410958904108,0.3957808219178081,-2.5046027397260238,-0.4762191780821921
308,126.0,126.0,126.0,126.0,126.0,10888540.273972604,-0.18673972602739727,2183.9068493150676,-8434.627397260274,-7.7746849315068465,-6.587041095890408,-3.8442191780821946,-6.104602739726025,0.523780821917808
309,127.0,127.0,127.0,127.0,127.0,10974940.273972604,-0.2467397260273973,2294.9068493150676,-8537.627397260274,-7.204684931506846,-12.767041095890407,-9.26421917808219,-7.3946027397260226,0.603780821917808
310,128.0,128.0,128.0,128.0,128.0,11061340.273972604,0.043260273972602695,2404.9068493150676,-8639.627397260274,-8.964684931506852,-11.617041095890407,-12.194219178082195,-9.15460273972603,0.02378082191780801
311,129.0,129.0,129.0,129.0,129.0,11147740.273972604,0.20326027397260274,2514.9068493150676,-8739.627397260274,-11.884684931506849,-3.5170410958904084,-11.044219178082187,-12.074602739726028,-3.206219178082192
312,130.0,130.0,130.0,130.0,130.0,11234140.273972604,0.12326027397260278,2623.9068493150676,-8837.627397260274,-4.884684931506847,0.4729589041095871,-2.944219178082189,-5.074602739726028,-2.716219178082192
313,131.0,131.0,131.0,131.0,131.0,11320540.273972604,-0.07673972602739723,2733.9068493150676,-8933.627397260274,-6.234684931506846,-2.027041095890413,-1.4542191780821938,-6.4246027397260255,0.5437808219178084
314,132.0,132.0,132.0,132.0,132.0,11406940.273972604,-0.2267397260273973,2842.9068493150667,-9027.627397260274,-9.304684931506847,-6.387041095890412,-4.334219178082188,-9.494602739726027,0.603780821917808
315,133.0,133.0,133.0,133.0,133.0,11493340.273972604,0.03326027397260268,2950.9068493150667,-9119.627397260274,-14.354684931506851,-5.50704109589041,-5.814219178082192,-13.344602739726028,0.4437808219178079
316,134.0,134.0,134.0,134.0,134.0,11579740.273972604,-0.2667397260273973,3058.9068493150667,-9209.627397260274,-7.784684931506851,-6.567041095890413,-5.944219178082188,-7.974602739726031,0.603780821917808
317,135.0,135.0,135.0,135.0,135.0,11666140.273972604,0.07326027397260274,3166.9068493150667,-9297.627397260274,-7.804684931506846,0.4829589041095922,-5.994219178082192,-7.9946027397260275,-0.8262191780821917
318,136.0,136.0,136.0,136.0,136.0,11752540.273972604,0.3732602739726028,3273.9068493150667,-9382.627397260274,-6.5646849315068465,0.7629589041095861,1.0557808219178115,-6.754602739726024,-4.186219178082192
319,137.0,137.0,137.0,137.0,137.0,11838940.273972604,0.2632602739726028,3379.9068493150667,-9465.627397260274,-6.094684931506846,-8.82704109589041,0.21578082191780834,-6.284602739726025,-3.1462191780821915
320,138.0,138.0,138.0,138.0,138.0,11925340.273972604,-0.2667397260273973,3485.9068493150667,-9546.627397260274,-7.384684931506846,-5.657041095890407,-8.254219178082192,-7.574602739726024,0.603780821917808
321,139.0,139.0,139.0,139.0,139.0,12011740.273972604,0.043260273972602695,3590.9068493150667,-9624.627397260274,-9.054684931506847,-5.557041095890414,-4.984219178082196,-9.244602739726027,0.603780821917808
322,140.0,140.0,140.0,140.0,140.0,12098140.273972604,-0.2967397260273973,3693.9068493150685,-9700.627397260274,-9.26468493150685,-5.207041095890412,-4.854219178082191,-9.454602739726027,0.4537808219178086
323,141.0,141.0,141.0,141.0,141.0,12184540.273972604,0.1732602739726027,3796.9068493150685,-9773.627397260274,-5.8246849315068525,4.342958904109592,-5.644219178082192,-5.2846027397260285,-0.6262191780821915
324,142.0,142.0,142.0,142.0,142.0,12270940.273972604,0.2232602739726028,3898.9068493150685,-9844.627397260274,-4.0446849315068505,3.432958904109588,4.8657808219178085,-4.234602739726029,-0.5262191780821919
325,143.0,143.0,143.0,143.0,143.0,12357340.273972604,0.2632602739726028,3999.9068493150685,-9912.627397260274,-2.274684931506848,2.42295890410959,2.9957808219178097,-2.4646027397260246,0.033780821917808686
326,144.0,144.0,144.0,144.0,144.0,12443740.273972604,0.06326027397260273,4098.906849315068,-9978.627397260274,-1.2046849315068466,-3.1970410958904147,1.0057808219178077,-1.3946027397260243,0.603780821917808
327,145.0,145.0,145.0,145.0,145.0,12530140.273972604,-0.12673972602739728,4196.906849315068,-10040.627397260274,-9.864684931506847,-11.117041095890407,-5.974219178082187,-9.324602739726023,0.5737808219178087
328,146.0,146.0,146.0,146.0,146.0,12616540.273972604,-0.17673972602739724,4293.906849315068,-10100.627397260274,-13.29468493150685,-7.457041095890411,-10.544219178082187,-13.484602739726029,0.603780821917808
329,147.0,147.0,147.0,147.0,147.0,12702940.273972604,-0.21673972602739724,4388.906849315068,-10157.627397260274,-12.15468493150685,-6.92704109589041,-6.484219178082196,-12.344602739726028,0.603780821917808
330,148.0,148.0,148.0,148.0,148.0,12789340.273972604,0.03326027397260268,4482.906849315068,-10211.627397260274,-8.644684931506854,-4.447041095890414,-6.354219178082192,-8.83460273972603,0.033780821917808686
331,149.0,149.0,149.0,149.0,149.0,12875740.273972604,-0.2467397260273973,4574.906849315068,-10262.627397260274,-12.15468493150685,-10.507041095890413,-7.864219178082192,-12.344602739726028,0.34378082191780823
332,150.0,150.0,150.0,150.0,150.0,12962140.273972604,-0.09673972602739724,4664.906849315068,-10311.627397260274,-16.29468493150685,-11.697041095890414,-10.294219178082187,-16.48460273972603,0.033780821917808686
333,151.0,151.0,151.0,151.0,151.0,13048540.273972604,-0.18673972602739727,4752.906849315068,-10356.627397260274,-18.17468493150685,-15.267041095890407,-14.034219178082195,-18.364602739726024,0.3637808219178087
334,152.0,152.0,152.0,152.0,152.0,13134940.273972604,0.0032602739726027706,4839.906849315068,-10398.627397260274,-18.57468493150685,-18.437041095890404,-16.52421917808219,-18.76460273972603,-1.856219178082192
335,153.0,153.0,153.0,153.0,153.0,13221340.273972604,0.3232602739726027,4923.906849315068,-10436.627397260274,-24.434684931506855,-14.627041095890414,-17.86421917808219,-24.104602739726023,-4.546219178082192
336,154.0,154.0,154.0,154.0,154.0,13307740.273972604,0.18326027397260272,5005.906849315068,-10472.627397260274,-12.36468493150685,-4.157041095890408,-13.464219178082187,-12.554602739726029,-1.966219178082192
337,155.0,155.0,155.0,155.0,155.0,13394140.273972604,0.06326027397260273,5086.906849315068,-10504.627397260274,-9.544684931506847,-5.447041095890413,-4.874219178082195,-9.734602739726027,0.5737808219178087
338,156.0,156.0,156.0,156.0,156.0,13480540.273972604,0.3332602739726027,5163.906849315068,-10533.627397260274,-9.424684931506846,-1.9070410958904087,-4.194219178082188,-9.614602739726024,0.603780821917808
339,157.0,157.0,157.0,157.0,157.0,13566940.273972604,0.3832602739726028,5239.906849315068,-10559.627397260274,-8.51468493150685,-7.127041095890412,-1.2442191780821923,-8.704602739726027,0.603780821917808
340,158.0,158.0,158.0,158.0,158.0,13653340.273972604,0.2832602739726027,5312.906849315068,-10582.627397260274,-12.97468493150685,-9.657041095890408,-6.684219178082192,-12.12460273972603,-0.09621917808219212
341,159.0,159.0,159.0,159.0,159.0,13739740.273972604,-0.026739726027397256,5383.906849315068,-10601.627397260274,-18.46468493150685,-12.207041095890412,-12.114219178082195,-13.854602739726026,-0.006219178082191353
342,160.0,160.0,160.0,160.0,160.0,13826140.273972604,-0.13673972602739726,5450.906849315068,-10616.627397260274,-17.79468493150685,-14.167041095890415,-11.884219178082194,-17.984602739726032,0.24378082191780873
343,161.0,161.0,161.0,161.0,161.0,13912540.273972604,0.20326027397260274,5516.906849315071,-10629.627397260274,-23.114684931506854,-16.637041095890414,-14.674219178082195,-22.804602739726032,-1.7862191780821917
344,162.0,162.0,162.0,162.0,162.0,13998940.273972604,0.1332602739726028,5578.906849315071,-10637.627397260274,-23.784684931506852,-15.39704109589041,-16.06421917808219,-23.604602739726023,-1.1262191780821915
345,163.0,163.0,163.0,163.0,163.0,14085340.273972604,-0.14673972602739724,5638.906849315071,-10642.627397260274,-18.76468493150685,-14.07704109589041,-13.414219178082194,-18.954602739726027,0.4937808219178086
346,164.0,164.0,164.0,164.0,164.0,14171740.273972604,0.1932602739726028,5694.906849315071,-10644.627397260274,-15.514684931506851,-12.64704109589041,-13.504219178082195,-15.434602739726026,-0.3062191780821921
347,165.0,165.0,165.0,165.0,165.0,14258140.273972604,-0.04673972602739728,5748.906849315071,-10642.627397260274,-15.71468493150685,-13.317041095890412,-12.07421917808219,-15.904602739726029,0.20378082191780855
348,166.0,166.0,166.0,166.0,166.0,14344540.273972604,-0.026739726027397256,5799.906849315071,-10637.627397260274,-18.164684931506848,-13.487041095890412,-12.914219178082194,-18.354602739726023,-1.5062191780821914
349,167.0,167.0,167.0,167.0,167.0,14430940.273972604,-0.20673972602739726,5846.906849315071,-10628.627397260274,-16.07468493150685,-15.207041095890412,-12.104219178082195,-16.26460273972603,0.21378082191780842
350,168.0,168.0,168.0,168.0,168.0,14517340.273972604,-0.19673972602739725,5891.906849315071,-10616.627397260274,-14.504684931506851,-9.82704109589041,-14.634219178082194,-14.694602739726028,0.2537808219178084
351,169.0,169.0,169.0,169.0,169.0,14603740.273972604,0.12326027397260278,5932.906849315071,-10600.627397260274,-11.71468493150685,-10.93704109589041,-9.044219178082187,-11.904602739726029,0.18378082191780812
352,170.0,170.0,170.0,170.0,170.0,14690140.273972604,0.11326027397260276,5970.906849315071,-10580.627397260274,-11.78468493150685,-5.167041095890413,-10.364219178082193,-11.974602739726029,0.5737808219178087
353,171.0,171.0,171.0,171.0,171.0,14776540.273972604,0.2632602739726028,6005.906849315071,-10558.627397260274,-9.984684931506846,-1.5270410958904133,-4.594219178082196,-10.174602739726023,-2.6262191780821915
354,172.0,172.0,172.0,172.0,172.0,14862940.273972604,0.4232602739726027,6036.906849315071,-10531.627397260274,-9.894684931506852,-2.027041095890413,-1.4542191780821938,-10.08460273972603,-4.636219178082191
355,173.0,173.0,173.0,173.0,173.0,14949340.273972604,0.2532602739726028,6064.906849315071,-10501.627397260274,-10.494684931506846,-3.7570410958904095,-3.784219178082192,-10.684602739726024,-3.346219178082192
356,174.0,174.0,174.0,174.0,174.0,15035740.273972604,0.2532602739726028,6088.906849315071,-10468.627397260274,-9.784684931506852,-2.2270410958904088,-0.8542191780821919,-9.974602739726027,-0.8662191780821917
357,175.0,175.0,175.0,175.0,175.0,15122140.273972604,0.3132602739726027,6110.906849315071,-10432.627397260274,-9.344684931506848,-0.3270410958904102,-1.6642191780821942,-9.394602739726023,-1.026219178082192
358,176.0,176.0,176.0,176.0,176.0,15208540.273972604,0.1932602739726028,6127.906849315071,-10392.627397260274,-9.704684931506847,-7.207041095890411,-5.944219178082188,-9.164602739726027,0.5437808219178084
359,177.0,177.0,177.0,177.0,177.0,15294940.273972604,0.013260273972602777,6142.906849315071,-10348.627397260274,-12.834684931506851,-7.317041095890413,-6.6342191780821915,-13.024602739726028,0.4137808219178085
360,178.0,178.0,178.0,178.0,178.0,15381340.273972604,0.18326027397260272,6152.906849315071,-10302.627397260274,-13.89468493150685,-9.427041095890413,-8.214219178082192,-14.084602739726028,0.38378082191780827
361,179.0,179.0,179.0,179.0,179.0,15467740.273972604,-0.13673972602739726,6160.906849315071,-10252.627397260274,-16.35468493150685,-13.387041095890412,-9.184219178082193,-16.544602739726027,0.5437808219178084
362,180.0,180.0,180.0,180.0,180.0,15554140.273972604,-0.0067397260273972396,6163.906849315071,-10199.627397260274,-16.844684931506848,-8.317041095890412,-14.214219178082187,-14.154602739726029,0.0037808219178084336
363,181.0,181.0,181.0,181.0,181.0,15640540.273972604,0.12326027397260278,6164.906849315071,-10143.627397260274,-5.804684931506846,0.09295890410959157,-7.744219178082192,-5.9946027397260275,0.20378082191780855
364,182.0,182.0,182.0,182.0,182.0,15726940.273972604,0.20326027397260274,6161.906849315071,-10084.627397260274,-2.524684931506848,-4.407041095890408,0.055780821917811765,-2.7146027397260246,-0.13621917808219122
